{
    "title": "ecg_22Feb2022_1500hour",
    "device": 1,
    "user": 1,
    "pr_intervals": [
        0.0234375,
        0.0234375,
        0.03125,
        0.0234375,
        0.0234375,
        0.03125,
        0.03125,
        0.0234375
    ],
    "qrs_intervals": [
        0.046875,
        0.046875,
        0.0546875,
        0.046875,
        0.046875,
        0.0546875,
        0.0546875,
        0.046875
    ],
    "qt_intervals": [
        0.1171875,
        0.1328125,
        0.109375,
        0.109375,
        0.109375,
        0.09375,
        0.109375,
        0.125
    ],
    "heart_rate_variability": 0.024144316576767782
}